{
    "1018724": {
        "Company Name": "AMAZON COM INC",
        "SIC": "5961",
        "State location": "WA",
        "State of Inc": "DE",
        "Fiscal Year End": "1231"
    },
    "104169": {
        "Company Name": "Walmart Inc.",
        "SIC": "5331",
        "State location": "AR",
        "State of Inc": "DE",
        "Fiscal Year End": "0131"
    },
    "1045810": {
        "Company Name": "NVIDIA CORP",
        "SIC": "3674",
        "State location": "CA",
        "State of Inc": "DE",
        "Fiscal Year End": "0125"
    },
    "1065280": {
        "Company Name": "NETFLIX INC",
        "SIC": "7841",
        "State location": "CA",
        "State of Inc": "DE",
        "Fiscal Year End": "1231"
    },
    "1141391": {
        "Company Name": "Mastercard Inc",
        "SIC": "7389",
        "State location": "NY",
        "State of Inc": "DE",
        "Fiscal Year End": "1231"
    },
    "1273813": {
        "Company Name": "ASSURED GUARANTY LTD",
        "SIC": "6351",
        "State location": "D0",
        "State of Inc": "D0",
        "Fiscal Year End": "1231"
    },
    "1276520": {
        "Company Name": "GENWORTH FINANCIAL INC",
        "SIC": "6311",
        "State location": "VA",
        "State of Inc": "DE",
        "Fiscal Year End": "1231"
    },
    "1318605": {
        "Company Name": "Tesla, Inc.",
        "SIC": "3711",
        "State location": "TX",
        "State of Inc": "TX",
        "Fiscal Year End": "1231"
    },
    "1326801": {
        "Company Name": "Meta Platforms, Inc.",
        "SIC": "7370",
        "State location": "CA",
        "State of Inc": "DE",
        "Fiscal Year End": "1231"
    },
    "1652044": {
        "Company Name": "Alphabet Inc.",
        "SIC": "7370",
        "State location": "CA",
        "State of Inc": "DE",
        "Fiscal Year End": "1231"
    },
    "200406": {
        "Company Name": "JOHNSON & JOHNSON",
        "SIC": "2834",
        "State location": "NJ",
        "State of Inc": "NJ",
        "Fiscal Year End": "1228"
    },
    "34088": {
        "Company Name": "EXXON MOBIL CORP",
        "SIC": "2911",
        "State location": "TX",
        "State of Inc": "NJ",
        "Fiscal Year End": "1231"
    },
    "59478": {
        "Company Name": "ELI LILLY & Co",
        "SIC": "2834",
        "State location": "IN",
        "State of Inc": "IN",
        "Fiscal Year End": "1231"
    },
    "813762": {
        "Company Name": "ICAHN ENTERPRISES L.P.",
        "SIC": "2911",
        "State location": "FL",
        "State of Inc": "DE",
        "Fiscal Year End": "1231"
    },
    "814585": {
        "Company Name": "MBIA INC",
        "SIC": "6351",
        "State location": "NY",
        "State of Inc": "CT",
        "Fiscal Year End": "1231"
    },
    "890926": {
        "Company Name": "RADIAN GROUP INC",
        "SIC": "6351",
        "State location": "PA",
        "State of Inc": "DE",
        "Fiscal Year End": "1231"
    },
    "1341439": {
        "Company Name": "ORACLE CORP",
        "SIC": "7372",
        "State location": "TX",
        "State of Inc": null,
        "Fiscal Year End": "0531"
    },
    "789019": {
        "Company Name": "MICROSOFT CORP",
        "SIC": "7372",
        "State location": "WA",
        "State of Inc": "WA",
        "Fiscal Year End": "0630"
    },
    "909832": {
        "Company Name": "COSTCO WHOLESALE CORP /NEW",
        "SIC": "5331",
        "State location": "WA",
        "State of Inc": "WA",
        "Fiscal Year End": "0831"
    },
    "1403161": {
        "Company Name": "VISA INC.",
        "SIC": "7389",
        "State location": "CA",
        "State of Inc": "DE",
        "Fiscal Year End": "0930"
    },
    "320193": {
        "Company Name": "Apple Inc.",
        "SIC": "3571",
        "State location": "CA",
        "State of Inc": "CA",
        "Fiscal Year End": "0927"
    }
}